w_stab,mag_stab
1e-05,160416.6666666667
1.0376050197669118e-05,154602.82439911747
1.0766241770454934e-05,148999.68817985052
1.1171106505048242e-05,143599.62157211025
1.1591196185988858e-05,138395.26489990245
1.202708334768512e-05,133379.52521759353
1.2479362054713115e-05,128545.5666430334
1.2948648711459049e-05,123886.80104102615
1.3435582902208263e-05,119396.87904445195
1.3940828262825786e-05,115069.68140080254
1.4465073385216472e-05,110899.31063233664
1.5009032755797366e-05,106880.08299848928
1.557344772926135e-05,103006.5207495805
1.615908753895919e-05,99273.34466126615
1.676675034527701e-05,95675.46683955613
1.7397264323438025e-05,92207.98378659418
1.80514887922111e-05,88866.1697177485
1.8730315385064383e-05,85645.47012090542
1.943466926536022e-05,82541.49554918775
2.0165510387247484e-05,79550.01563863861
2.092383480396979e-05,76666.95334271684
2.1710676025372672e-05,73888.37937574681
2.2527106426459828e-05,71210.50685774934
2.3374238708918172e-05,68629.68615335546
2.4253227417603554e-05,66142.39989776888
2.516527051405389e-05,63745.25820299837
2.6111611009174623e-05,61434.994037825694
2.709353865732049e-05,59208.45877521547
2.811239171408461e-05,57062.61790109313
2.916955876018793e-05,54994.54687864917
3.026648059395689e-05,53001.42716252778
3.140465219496749e-05,51080.54235747053
3.258562476153223e-05,49229.2745161789
3.381100782480682e-05,47445.10057135016
3.5082471442397884e-05,45725.588897023896
3.640174847446138e-05,44068.39599455265
3.7770636945393644e-05,42471.263298680075
3.919100249433402e-05,40932.01409937362
4.066478091781854e-05,39448.55057521658
4.219398080805024e-05,38018.850934316346
4.3780686290381665e-05,36640.96665883221
4.542705986374043e-05,35313.019849367396
4.713534534786907e-05,34033.20066560601
4.89078709413959e-05,32799.76485970668
5.074705239490466e-05,31611.031399091382
5.265539630332755e-05,30465.380175389382
5.463550352214876e-05,29361.249796414002
5.669007271207434e-05,28297.13545816281
5.8821904016999556e-05,27271.586893941105
6.103390288028621e-05,26283.206397813505
6.332908400455115e-05,25330.646919689905
6.57105754603627e-05,24412.610229449543
6.818162294944479e-05,23527.84514760116
7.074559422819878e-05,22675.145840067806
7.340598369757212e-05,21853.35017477225
7.616641716552892e-05,21061.3381377833
7.903065678861348e-05,20298.030306864293
8.200260619934131e-05,19562.386380343512
8.508631582640582e-05,18853.403759301415
8.82859884149515e-05,18170.116181142468
9.16059847544371e-05,17511.59240268924
9.505082962189511e-05,16876.93493100395
9.862521794868784e-05,16265.278800207805
0.00010233402121916423,15675.790392630954
0.00010618229410993846,15107.66630268652
0.00011017528137883873,14560.13224192026
0.00011431842501291502,14032.441983743542
0.00011861737164524792,13523.876346411469
0.00012307798025066658,13033.742212860036
0.00012770633013086446,12561.371586066482
0.0001325087291997954,12106.120678645402
0.00013749172258064192,11667.369035439833
0.00014266210152607368,11244.518687911512
0.00014802691267395087,10836.99333917784
0.0001535934676510897,10444.237578584834
0.00015936935303817744,10065.716124745652
0.00016536244070941805,9700.913096013
0.0001715808985610005,9349.331307391149
0.0001780332016430114,9010.491592929437
0.00018472814370996341,8683.932152673642
0.0001916748492056815,8369.207923285103
0.00019888278569888098,8065.889971470229
0.00020636177678638588,7773.564909393121
0.00021412201548157294,7491.8343312751085
0.00022217407810628823,7220.314270412909
0.00023052893870517061,6958.6346758758855
0.00023919798400202374,6706.438908168619
0.00024819302891862527,6463.383253171961
0.00025752633267711985,6229.136453699796
0.00026721061550794326,6003.379258033184
0.0002772590759860481,5785.803984816676
0.00028768540901905916,5576.114103723595
0.00029850382451187293,5374.023831318984
0.0003097290667331407,5179.257741569344
0.00032137643441002754,4991.550390468249
0.00033346180157863627,4810.645954266445
0.0003460016392185109,4636.29788081318
0.00035901303770070685,4468.268553533671
0.00037251373008002095,4306.328967584819
0.00038652211626312617,4150.258417747628
0.0004010572880855496,3999.844197631138
0.0004161390553316707,3854.881309777847
0.00043178797273320214,3715.172186275477
0.00044802536798294897,3580.526419494439
0.0004648733708020257,3450.760502583897
0.00048235494310014675,3325.6975793728084
0.0005004939102700954,3205.1672033351333
0.0005193149936590213,3089.0051052905897
0.0005388438442608224,2977.0529695244754
0.0005591070776755293,2869.158218021387
0.0005801323103833379,2765.1738025187237
0.0006019481973827274,2664.9580040966785
0.0006245844712439618,2568.374240031471
0.0006480719826311971,2475.2908776486347
0.0006724427423484249,2385.5810549226967
0.0006977299649665538,2299.12250757865
0.0007239681140910877,2215.7974024596797
0.0007511929493320969,2135.4921769339935
0.0007794415750404951,2058.0973841218615
0.0008087524908770458,1983.5075437320013
0.0008391656442830162,1911.62099830394
0.0008707224849239922,1842.3397746604637
0.0009034660211810525,1775.569450381352
0.0009374408787662991,1711.219025116335
0.0009726933615426169,1649.200796562014
0.0010092715146305707,1589.4302409335778
0.0010472251898884343,1531.8258977685266
0.001086606113854597,1476.3092589053174
0.0011274679582449461,1422.8046614856937
0.001169866413101307,1371.2391848348163
0.0012138592626906278,1321.5425510786874
0.0012595064642583577,1273.6470293634081
0.0013068702297433464,1227.4873435457366
0.0013560151105656334,1183.0005832291367
0.001407008085602685,1140.1261180240695
0.0014599186524739786,1098.8055149156737
0.0015148189222583457,1058.9824586262218
0.0015717837177731627,1020.6026748638055
0.0016308906755493327,983.6138563526556
0.0016922203516410374,947.9655915442808
0.0017558563314144689,913.6092959122657
0.0018218853434651652,880.4981457370941
0.0018903973778192195,848.587014290746
0.0019614858085794293,817.8324103341107
0.002035247521183576,788.1924188433755
0.0021117830444482423,759.6266438846216
0.0021911966875781475,732.0961535587642
0.0022735966823277153,705.5634269418075
0.0023590953305086338,679.9923029480965
0.0024478091570444404,655.3479310468741
0.002539859068780724,631.5967237649754
0.002635370519267393,608.7063109109262
0.00273447367973758,586.6454954580562
0.0028373036165162116,565.3842110265048
0.0029440004751000335,544.8934809061669
0.003054709671159968,525.1453785647377
0.003169582088726115,506.11298958702673
0.00328877428582551,487.7703749936756
0.0034124487078528894,470.0925358892815
0.00354077390896527,453.05537939174906
0.0036739247818020743,436.6356857964351
0.003812082795843888,420.8110769303344
0.003955436244734702,405.5599856531782
0.004104180502904709,390.86162646387686
0.004258518291843414,376.6959671722485
0.004418659956385941,363.04370159742456
0.004584823751389096,349.886223255723
0.004757236139187885,337.2056000021299
0.004936132098237912,324.984549590826
0.005121755443364236,313.2064161214551
0.005314359158053236,301.8551473390269
0.005514205739240296,290.91527275652146
0.005721567555063246,280.37188257037616
0.00593672721606912,270.21060734012167
0.006159977960380162,260.4175984044699
0.006391624053343999,250.97950900716563
0.006631981202212669,241.8834761068772
0.006881376986415663,233.11710284633554
0.007140151304013396,224.66844165682923
0.00740865683493956,216.52597797502838
0.007687259521663728,208.6786145499459
0.007976339067929272,201.11565631864775
0.008276289456246344,193.82679583009968
0.008587519484845171,186.80209919728517
0.008910453324821512,180.03199255844822
0.00924553109823357,173.5072490290098
0.009593209477938241,167.21897612637474
0.009953962309984233,161.15860365049016
0.010328281259410285,155.31787200363868
0.010716676480328632,149.68882093354694
0.011119677311206989,144.26377868446812
0.011537832996296609,139.0353515414523
0.011971713434189657,133.99641375355472
0.012421909954526161,129.14009782224815
0.012889036123908916,124.459785141805
0.01337372858212495,119.94909697889061
0.013876647909813071,115.60188577907617
0.014398479528760066,111.41222678842192
0.014939934636052562,107.37440997871197
0.015501751173357689,103.48293226533602
0.01608469483265355,99.7324900072115
0.016689560099780232,96.11797177852456
0.01731717133723353,92.63445140243887
0.01796838390767719,89.27718123727686
0.018644085339704852,86.0415857060254
0.01934519653744044,82.92325506034445
0.020072673035625682,79.91793937058286
0.020827506301905142,77.02154273360755
0.021610725088083763,74.23011769055404
0.02242339683219845,71.53985984688963
0.02326662911331458,68.94710268745649
0.02414157116103018,66.44831257942923
0.025049415421745023,64.04008395637503
0.02599139918382933,61.71913467685517
0.026968806263906926,59.48230155123944
0.02798296875655116,57.32653603063872
0.02903526884977814,55.24890005208003
0.03012714070881164,53.24656203426156
0.03126007243068701,51.316793018429095
0.03243560807235808,49.45696294911614
0.03365534975507091,47.66453708967812
0.034920959847872676,45.93707256773441
0.03623416323323146,44.27221504581169
0.03759674965785464,42.6676955126499
0.039010576171909894,41.121327190798304
0.04047756965997318,39.63100255628662
0.04199972946715302,38.19469046630996
0.04357913012397025,36.810433391012346
0.04521792417370697,35.47634474559642
0.04691834510607794,34.1906063191231
0.04868271040122279,32.95146579649709
0.050513424688167614,31.757234370260978
0.052412983022060565,30.60628443894281
0.05438397428464796,29.497047388820693
0.056429084712625366,28.428011456080768
0.05855110155867238,27.397719666455405
0.06075291689016071,26.404767849533
0.06303753153071275,25.447802725033654
0.06540805914998253,24.525520058442133
0.06786773050723295,23.636662883484856
0.07041989785449289,22.780019789027822
0.073068039505295,21.954423268061234
0.0758157645752211,21.15874812652034
0.07866681790071582,20.391909949773996
0.0816250851428722,19.652863624691097
0.08469459808314576,18.940601915270147
0.0878795401182131,18.254154089891532
0.09118425196146562,17.59258459832061
0.0946132375589076,16.954991796659407
0.09817117022752184,16.340506718508546
0.10186289902446866,15.748291890664985
0.10569345535579873,15.177540191741459
0.10966805983368674,14.6274737521518
0.1137921293915314,14.097342893963381
0.11807128466661891,13.586425109171321
0.12251135766041178,13.094024075002435
0.12711839968690275,12.619468704906502
0.13189868961986692,12.162112233941732
0.13685874245025179,11.721331337307745
0.14200531816536818,11.296525280824907
0.14734543096198344,10.887115102201964
0.15288635880587295,10.49254282197637
0.15863565335085897,10.112270683051843
0.16460115023085498,9.74578041779662
0.1707909797389427,9.3925725417037
0.17721357790803585,9.052165672650323
0.1838776980082327,8.724095874828949
0.1907924224765265,8.407916026455553
0.19796717529513327,8.103195210393558
0.20541173483530642,7.809518126862827
0.21313624718414376,7.5264845274333405
0.22115123997254887,7.253708669532164
0.22946763672319362,6.990818790720232
0.23809677173803584,6.737456602022467
0.24705040554568256,6.493276799620701
0.2563407409296515,6.257946594243884
0.26598043955937584,6.031145257614186
0.27598263924661803,5.812563685330885
0.2863609718508116,5.6019039755962465
0.2971295818577334,5.398879023209296
0.3083031456568277,5.203212128274113
0.3198968915434538,5.014636619089377
0.3319266204733183,4.832895488705209
0.34440872759738167,4.657741044651918
0.3573602246065781,4.488934571363424
0.3707987629168165,4.326246004835076
0.3847426577258498,4.1694536190726295
0.39921091297480454,4.018343723904938
0.41422324724838894,3.872710373748598
0.42980012064907896,3.7323550869275537
0.44596276268190865,3.5970865751651737
0.46273320118786837,3.46672048288011
0.48013429236534455,3.341079135930623
0.4981897519205155,3.2199912994649593
0.5169241873891594,3.103291944547743
0.5363631316739235,2.9908220232443252
0.5565330778427641,2.8824282518565547
0.5774615152359814,2.77796290201455
0.5991769669310613,2.6772835993397504
0.6217090286163821,2.580253129404845
0.6450884089267687,2.486739250726133
0.6693469712958654,2.396614514533436
0.6945177773823689,2.309756091071932
0.7206351321293045,2.226045602199184
0.747734630517758,2.1453689600492147
0.7758532060787828,2.0676162115437253
0.8050291812295973,1.9926813885385755
0.8353023195026771,1.920462363401261
0.8667138797389224,1.8508607098225822
0.8993066723187614,1.7837815686727894
0.933125117507824,1.7191335187193864
0.9682153059967076,1.6568284520304013
1.0046250617173402,1.5967814538933056
1.042404007021556,1.5389106870859273
1.0816036303107095,1.4831372803416363
1.122277356208507,1.4293852208567854
1.1644806183726855,1.377581250693914
1.208270935044776,1.3276547669395187
1.2537079874409196,1.279537725480322
1.3008537010905705,1.2331645482668907
1.3497723302339417,1.188472033938222
1.4005305453932198,1.145399271685483
1.4531975242368953,1.1038875582375136
1.507845045861051,1.0638803178549499
1.5645475886160958,1.025323025223934
1.6233824316122782,0.9881631311443185
1.6844297600423153,0.9523499909110886
1.747772774464681,0.9178347952913964
1.8134978041964953,0.8845705040031316
1.8816944249705556,0.8525117816043739
1.952455581016861,0.8216149357063468
2.025877711735017,0.7918378574256657
2.1020608831301586,0.7631399639947237
2.1811089241915154,0.7354821434520021
2.263129568399525,0.7088267013369127
2.348234600554272,0.6831373093165489
2.436540009125461,0.6583789556742983
2.5281661443314953,0.6345178975928595
2.623237882163118,0.6115216151666248
2.721884794575174,0.5893587670807505
2.82424132607843,0.5679991478965131
2.930446976972138,0.5474136468847354
3.0406464934670625,0.5275742083511765
3.154990064958082,0.5084537933998152
3.2736335287152407,0.4900263430819125
3.3967385822722025,0.47226674288063125
3.5244730038015804,0.45515078848280976
3.6570108807774857,0.4386551527912376
3.7945328472369346,0.42275735413247834
3.937226329963475,0.40743572561690855
4.085285803928557,0.392669385609213
4.238913057338775,0.378438209269094
4.398317466650219,0.364722801123405
4.563716281924754,0.3515044686323284
4.7353349229171116,0.33876519671357275
4.913407286296357,0.32648762318986585
5.09817606442042,0.314655015126284
5.289893076098146,0.303251246025167
5.488819609789666,0.29226077384753746
5.6952267797128195,0.2816686198310712
5.909395895340965,0.2714603480757499
6.131618844795769,0.2616220458693723
6.362198492657482,0.2521403047261117
6.601449092734883,0.2430022021122765
6.84969671635744,0.2341952838343676
7.1072796967734115,0.2257075470654309
7.3745490902595465,0.21752742398657052
7.651869154570818,0.20964376602132864
7.939617845382275,0.20204582864144505
8.238187331399601,0.19472325672328836
8.547984528840406,0.18766607043500141
8.869431656014704,0.1808646516351269
9.20296680876041,0.17430973076417505
9.549044557518078,0.1679923742112698
9.908136566858666,0.1619039721386542
10.280732238308648,0.15603622674746154
10.66733937734857,0.15038114096876057
11.06848488549412,0.1449310075644606
11.48471547840289,0.13967839862322368
11.916598430985587,0.13461615543706712
12.36472235053715,0.12973737874485936
12.829697978941475,0.1250354193294127
13.312159025043076,0.12050386895535714
13.812763028320095,0.11613655163544526
14.33219225503571,0.11192751521338484
14.871154628089506,0.10787102325172666
15.430384691835615,0.1039615472137547
16.010644613183146,0.10019375892871903
16.612725220342895,0.09656252333014606
17.237447080636162,0.09306289145732731
17.885661618834582,0.08969009371044963
18.55825227755515,0.08643953335017372
19.256135721291948,0.08330678023280146
19.980263085725465,0.08028756477249459
20.73162127401227,0.07737777212231536
21.511234301821627,0.07457343656615843
22.3201646929523,0.07187073611393155
23.1595149274315,0.06926598729261799
24.030428944069648,0.06675564012612228
24.934093699518755,0.06433627329705702
25.871740785959187,0.062004589483876583
26.844648109619598,0.05975741086700349
27.854141632417633,0.057591674797821846
28.901597179095056,0.05550442962463623
29.988442312310248,0.053492830669906316
31.116158278243567,0.05155413635327533
32.28628202536727,0.04968570445510806
33.500408299131294,0.04788498851544636
34.76019181541974,0.046149534363474166
36.06734951574024,0.044476976772761974
37.42366290721977,0.042865036237732634
38.83098049059601,0.04131151586695471
40.29122027951344,0.039814298389029536
41.806372414557536,0.03837134326699137
43.37850187558985,0.03698068391728784
45.00975129608042,0.03564042502955046
46.70234388327331,0.034348739983502345
48.45858644816491,0.03310386835948277
50.28087254942475,0.031904113539195506
52.171685755543436,0.030747840393411423
54.133603029653756,0.029633473053473313
56.16929824163804,0.028559492763566424
58.2815458123084,0.027524435810827176
60.47322449462643,0.02652689153046916
62.74732129711575,0.025565500383207658
65.10693555481454,0.02463895210236232
67.5552831533164,0.02374598390811295
70.09570091165618,0.022885378786474335
72.73165113001454,0.02205596383064464
75.46672630843887,0.021256608642467166
78.30465404301182,0.020486223791826175
81.24930210614048,0.019743759331877754
84.30468371788967,0.019028203368091835
87.47496301554415,0.01833858067915511
90.76446072885356,0.017673951387855363
94.17766006869519,0.017033409680135954
97.71921283717977,0.016416082570574288
101.39394576752896,0.015821128712602026
105.20686710236207,0.015247737251845715
109.16317341936126,0.014695126721024314
113.26825671361514,0.014162543974898493
117.52771174629427,0.013649263163819295
121.94734366967359,0.013154584744477688
126.53317593889403,0.012677834526506759
131.29145852124626,0.01221836275363695
136.2286764141644,0.011775543218152206
141.3515584835393,0.01134877240744024
146.66708663439655,0.010937468681473458
152.1825053264384,0.010541071480099867
157.90533144741727,0.010159040559063423
163.84336455779814,0.0097908552537126
170.00469752067147,0.009436013769393698
176.39772753140417,0.009094032497561945
183.03116756206092,0.008764445356678049
189.91405823619317,0.008446803156992146
197.05578015017963,0.008140672988349307
204.46606665791137,0.007845637630182275
212.1550171362448,0.007561294982887346
220.1331107493028,0.007287257519808375
228.4112207303821,0.007023151759082073
237.00062920093256,0.0067686177546247405
245.91304254680415,0.006523308605566738
255.16060737271812,0.006286889983466095
264.7559270567064,0.00605903967665691
274.7120789270809,0.0058394471511115245
285.04263208534314,0.005627813127218006
295.76166589932507,0.0054238491718961055
306.8837891917639,0.005227277305495806
318.42416015046496,0.005037829622942712
330.3985069871855,0.004855247928613928
342.8231493733967,0.0046792833844468236
355.71502068213823,0.004509696170801083
369.09169106627746,0.004346255159611837
382.9713914046277,0.004188737599388429
397.37303814856045,0.004036928811629487
412.3162591029748,0.0038906218982405704
427.8214201767613,0.003749617459555624
443.90965313921663,0.0036137233225779306
460.60288442023983,0.0034827542790701995
477.9238649935595,0.0033565318331368207
495.8962013837212,0.003234883957954284
514.5443878390925,0.0031176448613182022
533.893839714735,0.0030046547596874118
553.97092811064,0.0028957596604171974
574.8030158125351,0.00279081115188485
596.418494584246,0.00268966620122152
618.8468238624383,0.0025921869593747036
642.1185709064745,0.0024982405732356804
666.2654524581136,0.0024076990045758325
691.3203779678114,0.002320438855545147
717.3174944465597,0.0022363412004949746
744.2922330043742,0.0021552914238959133
772.2813571388626,0.0020771790641298934
801.323012839687,0.0020018976629435662
831.4567805772047,0.0019293446203578254
862.7237292461433,0.0018594210548357165
895.1664721378284,0.0017920316685181592
928.829225017248,0.0017270846173438159
963.7578663841069,0.001664491385876091
1000.0,0.0016041666666666667
